{
  "status": "ok",
  "generated_at_unix": 1777511466.080668,
  "device": "cpu",
  "torch_version": "2.8.0",
  "checkpoint": "/Users/yusuf/Desktop/finalround/project_organized/checkpoints/c03_full_data_model.pt",
  "checkpoint_epoch": 75,
  "checkpoint_metric": "fixed_epoch_full_data",
  "model_type": "query_cnn_transformer",
  "model_config": {
    "in_channels": 24,
    "patch_size": 15,
    "cnn_embedding_dim": 256,
    "transformer_dim": 256,
    "transformer_layers": 4,
    "attention_heads": 8,
    "dropout": 0.18,
    "num_crop_classes": 3,
    "num_phenophase_classes": 7,
    "use_query_doy": true,
    "use_time_doy": true,
    "aux_feature_dim": 0,
    "aux_hidden_dim": 128
  },
  "total_seconds": 109.45449512500001,
  "results": [
    {
      "split": "train",
      "query_shift_days": 0.0,
      "rows": 4263,
      "seconds": 18.502994542,
      "metrics": {
        "loss": 0.03683657154019089,
        "crop_loss": 0.00019514742779320793,
        "stage_loss": 0.08391500914961228,
        "ordinal_stage_loss": 0.002277656673510192,
        "sequence_stage_loss": 0.0,
        "point_crop_consistency_loss": 0.0,
        "crop_accuracy": 1.0,
        "crop_macro_f1": 1.0,
        "crop_accuracy_consistent": 1.0,
        "crop_macro_f1_consistent": 1.0,
        "stage_accuracy_all_crops": 0.8878723903354445,
        "rice_stage_accuracy": 0.9995670995670995,
        "rice_stage_macro_f1": 0.9995670985732946,
        "joint_accuracy": 0.8878723903354445,
        "joint_accuracy_consistent": 0.8878723903354445,
        "rice_joint_accuracy": 0.9995670995670995,
        "rice_joint_accuracy_consistent": 0.9995670995670995
      }
    },
    {
      "split": "train",
      "query_shift_days": -3.0,
      "rows": 4263,
      "seconds": 17.055682000000004,
      "metrics": {
        "loss": 0.05330220665205563,
        "crop_loss": 0.00019866388968864973,
        "stage_loss": 0.12364945671968645,
        "ordinal_stage_loss": 0.007833550620251596,
        "sequence_stage_loss": 0.0,
        "point_crop_consistency_loss": 0.0,
        "crop_accuracy": 1.0,
        "crop_macro_f1": 1.0,
        "crop_accuracy_consistent": 1.0,
        "crop_macro_f1_consistent": 1.0,
        "stage_accuracy_all_crops": 0.8993666432090077,
        "rice_stage_accuracy": 0.9982683982683983,
        "rice_stage_macro_f1": 0.9982683823674099,
        "joint_accuracy": 0.8993666432090077,
        "joint_accuracy_consistent": 0.8993666432090077,
        "rice_joint_accuracy": 0.9982683982683983,
        "rice_joint_accuracy_consistent": 0.9982683982683983
      }
    },
    {
      "split": "train",
      "query_shift_days": 3.0,
      "rows": 4263,
      "seconds": 16.020885332999995,
      "metrics": {
        "loss": 0.047237414661352985,
        "crop_loss": 0.00019334561630773866,
        "stage_loss": 0.10635824234777198,
        "ordinal_stage_loss": 0.005610161656574286,
        "sequence_stage_loss": 0.0,
        "point_crop_consistency_loss": 0.0,
        "crop_accuracy": 1.0,
        "crop_macro_f1": 1.0,
        "crop_accuracy_consistent": 1.0,
        "crop_macro_f1_consistent": 1.0,
        "stage_accuracy_all_crops": 0.8411916490734225,
        "rice_stage_accuracy": 0.9965367965367965,
        "rice_stage_macro_f1": 0.9965361336779167,
        "joint_accuracy": 0.8411916490734225,
        "joint_accuracy_consistent": 0.8411916490734225,
        "rice_joint_accuracy": 0.9965367965367965,
        "rice_joint_accuracy_consistent": 0.9965367965367965
      }
    },
    {
      "split": "train",
      "query_shift_days": -7.0,
      "rows": 4263,
      "seconds": 17.227206957999996,
      "metrics": {
        "loss": 0.13213112817071215,
        "crop_loss": 0.00020618325076457832,
        "stage_loss": 0.3091100272162136,
        "ordinal_stage_loss": 0.043547719966991125,
        "sequence_stage_loss": 0.0,
        "point_crop_consistency_loss": 0.0,
        "crop_accuracy": 1.0,
        "crop_macro_f1": 1.0,
        "crop_accuracy_consistent": 1.0,
        "crop_macro_f1_consistent": 1.0,
        "stage_accuracy_all_crops": 0.8482289467511143,
        "rice_stage_accuracy": 0.9086580086580086,
        "rice_stage_macro_f1": 0.9077576836993833,
        "joint_accuracy": 0.8482289467511143,
        "joint_accuracy_consistent": 0.8482289467511143,
        "rice_joint_accuracy": 0.9086580086580086,
        "rice_joint_accuracy_consistent": 0.9086580086580086
      }
    },
    {
      "split": "train",
      "query_shift_days": 7.0,
      "rows": 4263,
      "seconds": 15.821117416999996,
      "metrics": {
        "loss": 0.11206814379129325,
        "crop_loss": 0.000193458839452078,
        "stage_loss": 0.25388751175754515,
        "ordinal_stage_loss": 0.032484373314007796,
        "sequence_stage_loss": 0.0,
        "point_crop_consistency_loss": 0.0,
        "crop_accuracy": 1.0,
        "crop_macro_f1": 1.0,
        "crop_accuracy_consistent": 1.0,
        "crop_macro_f1_consistent": 1.0,
        "stage_accuracy_all_crops": 0.7180389397138166,
        "rice_stage_accuracy": 0.9393939393939394,
        "rice_stage_macro_f1": 0.9391790275364504,
        "joint_accuracy": 0.7180389397138166,
        "joint_accuracy_consistent": 0.7180389397138166,
        "rice_joint_accuracy": 0.9393939393939394,
        "rice_joint_accuracy_consistent": 0.9393939393939394
      }
    },
    {
      "split": "val",
      "query_shift_days": 0.0,
      "rows": 1183,
      "seconds": 4.439382667000004,
      "metrics": {
        "loss": 0.040946153435402054,
        "crop_loss": 0.00011986735714690024,
        "stage_loss": 0.07755593598809482,
        "ordinal_stage_loss": 0.0016941815416030154,
        "sequence_stage_loss": 0.0,
        "point_crop_consistency_loss": 0.0,
        "crop_accuracy": 1.0,
        "crop_macro_f1": 1.0,
        "crop_accuracy_consistent": 1.0,
        "crop_macro_f1_consistent": 1.0,
        "stage_accuracy_all_crops": 0.8368554522400676,
        "rice_stage_accuracy": 1.0,
        "rice_stage_macro_f1": 1.0,
        "joint_accuracy": 0.8368554522400676,
        "joint_accuracy_consistent": 0.8368554522400676,
        "rice_joint_accuracy": 1.0,
        "rice_joint_accuracy_consistent": 1.0
      }
    },
    {
      "split": "val",
      "query_shift_days": -3.0,
      "rows": 1183,
      "seconds": 4.408374249999994,
      "metrics": {
        "loss": 0.04938647576222944,
        "crop_loss": 0.000120618099101035,
        "stage_loss": 0.0928828156190029,
        "ordinal_stage_loss": 0.0037128383538265024,
        "sequence_stage_loss": 0.0,
        "point_crop_consistency_loss": 0.0,
        "crop_accuracy": 1.0,
        "crop_macro_f1": 1.0,
        "crop_accuracy_consistent": 1.0,
        "crop_macro_f1_consistent": 1.0,
        "stage_accuracy_all_crops": 0.8427726120033813,
        "rice_stage_accuracy": 1.0,
        "rice_stage_macro_f1": 1.0,
        "joint_accuracy": 0.8427726120033813,
        "joint_accuracy_consistent": 0.8427726120033813,
        "rice_joint_accuracy": 1.0,
        "rice_joint_accuracy_consistent": 1.0
      }
    },
    {
      "split": "val",
      "query_shift_days": 3.0,
      "rows": 1183,
      "seconds": 4.377753958999989,
      "metrics": {
        "loss": 0.06352301758240142,
        "crop_loss": 0.00011973821219587849,
        "stage_loss": 0.12136166243594586,
        "ordinal_stage_loss": 0.007830721892517161,
        "sequence_stage_loss": 0.0,
        "point_crop_consistency_loss": 0.0,
        "crop_accuracy": 1.0,
        "crop_macro_f1": 1.0,
        "crop_accuracy_consistent": 1.0,
        "crop_macro_f1_consistent": 1.0,
        "stage_accuracy_all_crops": 0.8038884192730347,
        "rice_stage_accuracy": 1.0,
        "rice_stage_macro_f1": 1.0,
        "joint_accuracy": 0.8038884192730347,
        "joint_accuracy_consistent": 0.8038884192730347,
        "rice_joint_accuracy": 1.0,
        "rice_joint_accuracy_consistent": 1.0
      }
    },
    {
      "split": "val",